{"cameraMode":{"drawMode":0,"name":"Shaded","section":"Shading Mode"},"sceneLighting":false,"audioPlay":false,"sceneViewState":{"showFog":false,"showMaterialUpdate":false,"showSkybox":false,"showFlares":false,"showImageEffects":false,"showParticleSystems":false},"in2DMode":false,"pivot":{"x":-1.0117710828781129,"y":0.5263128280639648,"z":-8.964391708374024},"rotation":{"x":0.3003738224506378,"y":-0.010014889761805535,"z":0.0031540514901280405,"w":0.9537638425827026},"size":8.782322883605957,"orthographic":false}