{"cameraMode":{"drawMode":0,"name":"Shaded","section":"Shading Mode"},"sceneLighting":false,"audioPlay":false,"sceneViewState":{"showFog":false,"showMaterialUpdate":false,"showSkybox":false,"showFlares":false,"showImageEffects":false,"showParticleSystems":false},"in2DMode":false,"pivot":{"x":-1.3586302995681763,"y":1.5031083822250367,"z":-7.543363094329834},"rotation":{"x":-0.020100532099604608,"y":0.002999392105266452,"z":0.000060299658798612654,"w":0.9997934699058533},"size":6.764362335205078,"orthographic":false}