{"cameraMode":{"drawMode":0,"name":"Shaded","section":"Shading Mode"},"sceneLighting":true,"audioPlay":false,"sceneViewState":{"showFog":false,"showMaterialUpdate":false,"showSkybox":false,"showFlares":false,"showImageEffects":false,"showParticleSystems":false},"in2DMode":false,"pivot":{"x":-5.632246017456055,"y":-0.10581731796264649,"z":-0.06408452987670899},"rotation":{"x":0.09890644252300263,"y":0.5205764174461365,"z":-0.06086883693933487,"w":0.845879852771759},"size":11.712159156799317,"orthographic":false}