{"cameraMode":{"drawMode":0,"name":"Shaded","section":"Shading Mode"},"sceneLighting":false,"audioPlay":false,"sceneViewState":{"showFog":false,"showMaterialUpdate":false,"showSkybox":false,"showFlares":false,"showImageEffects":false,"showParticleSystems":false},"in2DMode":false,"pivot":{"x":-0.9567840099334717,"y":2.267400026321411,"z":-8.1182222366333},"rotation":{"x":0.1502775102853775,"y":0.09121015667915344,"z":-0.013925110921263695,"w":0.9843289852142334},"size":7.72983980178833,"orthographic":false}