{"cameraMode":{"drawMode":0,"name":"Shaded","section":"Shading Mode"},"sceneLighting":false,"audioPlay":false,"sceneViewState":{"showFog":false,"showMaterialUpdate":false,"showSkybox":false,"showFlares":false,"showImageEffects":false,"showParticleSystems":false},"in2DMode":false,"pivot":{"x":-1.6617190837860108,"y":-0.6676315665245056,"z":-7.706595420837402},"rotation":{"x":0.2536811828613281,"y":-0.010738465934991837,"z":0.0028163737151771785,"w":0.9672241806983948},"size":7.9668121337890629,"orthographic":false}