{"cameraMode":{"drawMode":0,"name":"Shaded","section":"Shading Mode"},"sceneLighting":false,"audioPlay":false,"sceneViewState":{"showFog":false,"showMaterialUpdate":false,"showSkybox":false,"showFlares":false,"showImageEffects":false,"showParticleSystems":false},"in2DMode":false,"pivot":{"x":-1.9471707344055176,"y":-1.559168815612793,"z":-1.4767465591430665},"rotation":{"x":0.26370322704315188,"y":-0.03095921501517296,"z":0.008468197658658028,"w":0.9640697240829468},"size":21.897985458374025,"orthographic":false}