{"cameraMode":{"drawMode":0,"name":"Shaded","section":"Shading Mode"},"sceneLighting":false,"audioPlay":false,"sceneViewState":{"showFog":false,"showMaterialUpdate":false,"showSkybox":false,"showFlares":false,"showImageEffects":false,"showParticleSystems":false},"in2DMode":false,"pivot":{"x":0.0401918888092041,"y":0.000006308640422503231,"z":-7.9843573570251469},"rotation":{"x":0.34723058342933657,"y":0.03656020015478134,"z":-0.013549026101827622,"w":0.9369688630104065},"size":2.704190969467163,"orthographic":true}