{"cameraMode":{"drawMode":0,"name":"Shaded","section":"Shading Mode"},"sceneLighting":false,"audioPlay":false,"sceneViewState":{"showFog":false,"showMaterialUpdate":false,"showSkybox":false,"showFlares":false,"showImageEffects":false,"showParticleSystems":false},"in2DMode":false,"pivot":{"x":-0.9755126237869263,"y":0.9626437425613403,"z":-8.056963920593262},"rotation":{"x":0.21473576128482819,"y":0.1481829136610031,"z":-0.03298112004995346,"w":0.9648019075393677},"size":0.8814548850059509,"orthographic":false}