{"cameraMode":{"drawMode":0,"name":"Shaded","section":"Shading Mode"},"sceneLighting":false,"audioPlay":false,"sceneViewState":{"showFog":false,"showMaterialUpdate":false,"showSkybox":false,"showFlares":false,"showImageEffects":false,"showParticleSystems":false},"in2DMode":false,"pivot":{"x":-1.1611138582229615,"y":1.2196736335754395,"z":-7.16015625},"rotation":{"x":0.3091418445110321,"y":0.06270703673362732,"z":-0.020433133468031884,"w":0.9487263560295105},"size":10.999980926513672,"orthographic":true}